Breed,Typical Demeanor,Physical Description,Average Lifespan,Coat Type,Coat Length,Drooling Level,Coat Grooming Frequency,Height,Weight,Good with Other Dogs,Good with Children,Shedding Level,Playfulness Level,Watchdog/Protective Nature,Openness to Strangers,Trainability Level,Energy Level,Barking Level,Mental Stimulation Needs,Affectionate with Family,Good Hunters
Labrador Retriever,Friendly,Medium to large size,10-12 years,Short and dense,Short to medium,Low,Moderate,21.5-24.5 inches,55-80 pounds,High,Very good,Moderate,High,Moderate,Outgoing,High,High,Moderate,Moderate,Very affectionate,No
German Shepherd,Intelligent and protective,Medium to large size,9-13 years,Double coat,Medium to long,Moderate,Regular,22-26 inches,50-90 pounds,Moderate,Very good,Moderate,High,High,Reserved,Moderate,High,High,High,High,No
Golden Retriever,Friendly and gentle,Medium to large size,10-12 years,Double coat,Medium to long,Low to moderate,Regular,21.5-24 inches,55-75 pounds,High,Very good,Moderate,High,Moderate,Low,Outgoing,Moderate,Moderate,Moderate,Very affectionate,No
Beagle,Curious and friendly,Small to medium size,12-15 years,Short,Short,Low,Regular,13-15 inches,20-30 pounds,High,Very good,Moderate,High,Low,Low,Outgoing,Moderate,High,High,Moderate,Yes
Bulldog,Docile and willful,Medium size,8-12 years,Short and smooth,Short,Low,Low,14-15 inches,40-50 pounds,Moderate,Good,Low,Moderate,Low,Low,Moderate,Low,Low,Low,Very affectionate,No
Poodle (Standard),Intelligent and trainable,Medium size,10-15 years,Curly or corded,Medium,Low,High,18-24 inches,45-70 pounds,Moderate,Good,Low,Moderate,Moderate,Low,Outgoing,High,Low,Moderate,Very affectionate,No
Dachshund,Clever and lively,Small size,12-16 years,Smooth,Short,Low to moderate,Regular,8-9 inches,16-32 pounds,Moderate,Good,Moderate,High,Low,Low,Moderate,Low,Moderate,Moderate,Very affectionate,Yes
Boxer,Playful and energetic,Medium to large size,10-12 years,Short and shiny,Short,Low,Low to moderate,21.5-25 inches,50-70 pounds,Moderate,Good,Moderate,High,High,Low,Moderate,High,Moderate,High,Very affectionate,No
Siberian Husky,Friendly and outgoing,Medium to large size,12-15 years,Double coat,Medium,Low,Regular,20-24 inches,35-60 pounds,Moderate,Good,High,High,Low,Moderate,Outgoing,Moderate,High,High,Very affectionate,No
Pomeranian,Bold and curious,Small size,12-16 years,Double coat,Medium,Low,Regular,6-7 inches,3-7 pounds,Low,Moderate,High,Moderate,High,Low,Moderate,Moderate,Moderate,Low,Very affectionate,No
Shih Tzu,Outgoing and affectionate,Small size,10-18 years,Long and flowing,Long,Low,Regular,9-10.5 inches,9-16 pounds,Moderate,Good,Low,Low,Moderate,Low,Outgoing,Moderate,Low,Low,Very affectionate,No
Chihuahua,Lively and alert,Extra small size,12-20 years,Short,Short,Low,Occasional,5-8 inches,2-6 pounds,Low,Moderate,Moderate,High,Low,Low,Moderate,Low,Moderate,High,Very affectionate,No
Basset Hound,Gentle and good-natured,Medium size,10-12 years,Short and smooth,Short,Low,Regular,12-15 inches,40-65 pounds,High,Very good,High,Moderate,Low,Low,Outgoing,Moderate,Low,Moderate,Very affectionate,Yes
Great Dane,Friendly and patient,Giant size,7-10 years,Short and smooth,Short,Low,Regular,28-34 inches,140-175 pounds,Moderate,Good,Moderate,Low,Low,Low,Moderate,Low,Low,Moderate,Very affectionate,No
Doberman Pinscher,Energetic and watchful,Medium to large size,10-13 years,Short and smooth,Short,Low,Low to moderate,24-28 inches,60-100 pounds,Moderate,Moderate,Low,Moderate,High,High,Reserved,High,High,High,Very affectionate,No
Pug,Charming and mischievous,Small size,12-15 years,Short and smooth,Short,Low,Regular,10-13 inches,14-18 pounds,Moderate,Moderate,High,Moderate,Low,Low,Outgoing,Moderate,High,Moderate,Very affectionate,No
Shetland Sheepdog,Intelligent and playful,Small to medium size,12-14 years,Double coat,Medium,Low,Regular,13-16 inches,15-25 pounds,Moderate,Very good,High,High,Moderate,Low,Outgoing,Moderate,Moderate,Moderate,Very affectionate,Yes
Australian Shepherd,Intelligent and energetic,Medium size,12-15 years,Double coat,Medium,Low to moderate,Regular,18-23 inches,40-65 pounds,Moderate,Very good,Moderate,High,High,High,Outgoing,High,High,Moderate,Very affectionate,Yes
Rottweiler,Loyal and confident,Medium to large size,8-11 years,Short and dense,Short,Low to moderate,Regular,22-27 inches,80-135 pounds,Low,Good,High,Moderate,High,High,Reserved,Moderate,High,High,Very affectionate,No
Cavalier King Charles Spaniel,Friendly and affectionate,Small to medium size,9-14 years,Silky and medium length,Medium,Low,Regular,12-13 inches,13-18 pounds,High,Very good,Low,High,Low,Low,Outgoing,Moderate,Low,Moderate,Very affectionate,No
Jack Russell Terrier,Active and alert,Small to medium size,12-16 years,Smooth or rough,Short,Low to moderate,Regular,10-12 inches,13-17 pounds,Moderate,High,Moderate,High,High,Low,Outgoing,Moderate,High,Moderate,Very affectionate,Yes
Dalmatian,Outgoing and energetic,Medium size,10-13 years,Short and dense,Short,Low,Moderate,19-24 inches,45-70 pounds,Moderate,High,High,High,High,Low,Moderate,High,High,High,Very affectionate,No
English Bulldog,Calm and gentle,Medium size,8-12 years,Short and smooth,Short,Low,Moderate,14-15 inches,40-50 pounds,Moderate,Moderate,Low,Moderate,Low,Low,Moderate,Low,Low,Low,Very affectionate,No
